9c6e2103197f357836365007701b5898087cd1b6,meoramer
f3ab6599153c9267e2e3d0241245f29d93f4f3ae,royjafari
ff868bf1616770b11e4edc6a491ae73b9640aca8,manojkukreja
48b359291098365aceed0e86092c273295f2a514,tatyjanaankudo
51c226fcf27c82ca205bce5cbb382b6fd933850e,anthonyvirtuoso
f95fb78c06a024dc51b385b1f6fc2a2f1f7452e1,aaronwishnick
757654527079e85dc35a665245c7633378eb3a99,ellenkonig
6de5cd3eb86be99f58753243b337b48b2e1db58b,padmachitturi
102a97343aea5ad1407c14f2fb0e1c69280b97ca,jeanineharb
d6e7e07cb003c61b0ff8db20e73dcc80e0356807,juanpablo
90d9ae8f1dd004173898e074988976fd653a5253,prateekjoshi
0b5ba5876627cb578bc105829ff7d75fd4ddd259,sergmasis
abc776dc3d9b1ed2a219fc7fbb0040bd68d5c556,16rahuljain
6f15b620c8340889ed447dc247039a4613c6a41c,dannyleybzon
1e5416cc79637ba3bdea33423a37297a3a355835,mereltheisen
dcc20d2568583e8175ae06ff3df1fa096cbcd356,marijnmarkus
fe1fb1ed340fd6e78c0d66aee97c98b485560595,liesbethdingemans
3f7660d9b37279b4a30f30fd6d235100430429d3,christophmolnar
036cdd5c705a5f93412921d203000778ff52d761,orlandohohmeier
47d98383961f4b05ca0f23d48fcee8d310fb1cc7,janschlicht
ec5b49c4414f9dfc890f1864ca367179e0850e99,nielsenaileen
a0ca268d35ba707b8dc114a9cc5b2d86e40e882b,delinaivanova
